Kure,Pearl_Hermes,Maro_Reef,French_Frigate_Shoals,Kauai,Oahu,Molokai,Maui,Hawaii
0,340.400788783372,919.564687291556,1409.52306265801,2094.40181650229,2293.50432677567,2380.14236782938,2467.18883595895,2598.12362620488
340.400788783372,0,579.187506024227,1069.32303865692,1756.53301179338,1955.7484803014,2042.59120062808,2129.50829073387,2259.41150302456
919.564687291556,579.187506024227,0,491.978491196465,1186.65420608909,1385.63615802624,1472.87956764887,1559.21393404914,1685.88220663001
1409.52306265801,1069.32303865692,491.978491196465,0,698.895668426464,896.906016523363,984.230061714434,1069.93446368417,1194.56690702693
2094.40181650229,1756.53301179338,1186.65420608909,698.895668426464,0,199.241786487984,286.310312334237,373.013873403247,505.543627729899
2293.50432677567,1955.7484803014,1385.63615802624,896.906016523363,199.241786487984,0,87.32557039331,173.772464835409,309.201042561508
2380.14236782938,2042.59120062808,1472.87956764887,984.230061714434,286.310312334237,87.32557039331,0,87.2326880173677,227.6319314119
2467.18883595895,2129.50829073387,1559.21393404914,1069.93446368417,373.013873403247,173.772464835409,87.2326880173677,0,144.348009659348
2598.12362620488,2259.41150302456,1685.88220663001,1194.56690702693,505.543627729899,309.201042561508,227.6319314119,144.348009659348,0
