Hawaii,Maui,Molokai,Oahu,Kauai,French_Frigate_Shoals,Maro_Reef,Pearl_Hermes,Kure
0,0.0118012029657596,0.00547168794501911,0.0296635742904391,0.00450777073961911,0.015374664083628,0.0116519100776355,0.0255241256455701,0.0327450633575023
0.0118012029657596,0,0.00527284896438051,0.0113514770587266,0.0123962892770086,0.0106846952223303,0.0017224368277159,0.00224694295574273,0.0243083790063703
0.00547168794501911,0.00527284896438051,0,0.0245171743923676,0.0117535442965704,0.0116558888308916,0.012051490816716,0.0227393001918896,0.038801232789646
0.0296635742904391,0.0113514770587266,0.0245171743923676,0,0.0261309755059511,0.00757274658004586,0.00193859324567731,-0.00260034630093476,0.00519485853119005
0.00450777073961911,0.0123962892770086,0.0117535442965704,0.0261309755059511,0,0.0206740799061957,0.0133079311799884,0.0203174152982547,0.0269122794497534
0.015374664083628,0.0106846952223303,0.0116558888308916,0.00757274658004586,0.0206740799061957,0,0.000472623394838123,0.00158281133104539,0.0106785727552617
0.0116519100776355,0.0017224368277159,0.012051490816716,0.00193859324567731,0.0133079311799884,0.000472623394838123,0,-0.00128636942005947,0.00645465134609727
0.0255241256455701,0.00224694295574273,0.0227393001918896,-0.00260034630093476,0.0203174152982547,0.00158281133104539,-0.00128636942005947,0,0.00443122045145078
0.0327450633575023,0.0243083790063703,0.038801232789646,0.00519485853119005,0.0269122794497534,0.0106785727552617,0.00645465134609727,0.00443122045145078,0
