model,bezier.corrected,lbf,choice,modelprob
stepping.stone.KO,-65211.062,-34149.632,3,0
stepping.stone.KO.D,-48214.143000000004,-155.79400000000896,2,1.4783005659941153e-34
stepping.stone.KOd,-48136.246,0,1,1
