parameter,2.5%,25%,50%,75%,97.5%,mode,mean,sd
theta Kure,0.00393090398583898,0.004181163401086493,0.004254410059207716,0.004352072270036014,0.005200512726606849,0.004229994506500642,0.00429399233285943,2.4184453456860258e-4
theta P&H,0.0013245437343587867,0.001458829274247696,0.001519868156015382,0.0015931148141366052,0.001733504242202283,0.0014954526033083076,0.0015259061468517916,1.0439793183054847e-4
theta Maro,0.006671549777208082,0.006695965329915157,0.006708173106268694,0.006720380882622231,0.006750900323506074,0.006708173106268694,0.0067088531405833625,2.0987650900617653e-5
theta FFS,0.007776353537203199,0.007800769089910274,0.00781908075444058,0.007831288530794117,0.00786180797167796,0.00781908075444058,0.007814946383882422,6.218160892724888e-5
theta Kauai,0.00772752243178905,0.007776353537203199,0.007800769089910274,0.007825184642617349,0.007880119636208266,0.007794665201733505,0.00780240729472408,3.970642889213409e-5
theta Oahu,0.0074040163584203145,0.007446743575657695,0.007471159128364769,0.007489470792895075,0.0075260941219556865,0.007477263016541538,0.007468956071495902,3.326045218409932e-5
theta Molokai,0.006909601416102058,0.006970640297869744,0.007013367515107124,0.00707440639687481,0.0071598608313495704,0.00698895196240005,0.007023362067850103,7.190504723734424e-5
theta Maui,0.007257523042177868,0.0073124580357687855,0.00733687358847586,0.007361289141182934,0.0074040163584203145,0.00733687358847586,0.00733536364418711,4.511434805707824e-5
theta Big Is.,0.00498077275224318,0.005127266068485626,0.005359213819202833,0.005450772141854362,0.006232069828480743,0.005408044924616982,0.005401368043401279,3.6174416308577383e-4
