HI,MI,MK,OU,KI,LA,KO,MA,HO
0,0.0050251256281407,0.00603621730382294,0.0101010101010101,0.0256410256410256,0.0050251256281407,0.037344398340249,0.0245901639344262,0.0319917440660475
0.0050251256281407,0,0.001001001001001,0.00300902708124373,0.0204081632653061,-0.00199600798403194,0.0235414534288639,0.00401606425702811,0.0256410256410256
0.00603621730382294,0.001001001001001,0,0,0.0131712259371834,0.00200400801603206,0.0121457489878543,0.00200400801603206,0.0111223458038423
0.0101010101010101,0.00300902708124373,0,0,0.0193679918450561,0.00704934541792548,0.0111223458038423,0.0111223458038423,0.0152284263959391
0.0256410256410256,0.0204081632653061,0.0131712259371834,0.0193679918450561,0,0.0256410256410256,0.0111223458038423,0.0121457489878543,0.00401606425702811
0.0050251256281407,-0.00199600798403194,0.00200400801603206,0.00704934541792548,0.0256410256410256,0,0.0235414534288639,0.0111223458038423,0.00401606425702811
0.037344398340249,0.0235414534288639,0.0121457489878543,0.0111223458038423,0.0111223458038423,0.0235414534288639,0,0.0050251256281407,0.0050251256281407
0.0245901639344262,0.00401606425702811,0.00200400801603206,0.0111223458038423,0.0121457489878543,0.0111223458038423,0.0050251256281407,0,0.0121457489878543
0.0319917440660475,0.0256410256410256,0.0111223458038423,0.0152284263959391,0.00401606425702811,0.00401606425702811,0.0050251256281407,0.0121457489878543,0
