parameter,2.5%,25%,50%,75%,97.5%,mode,mean,sd
theta Kure,0.005426356589147288,0.005585057681743271,0.0056766160043948,0.0057498626625160235,0.005957394860526156,0.005694927668925106,0.0056706075784491525,1.6094148417440297e-4
theta P&H,0.001123115424525423,0.0012329854117072577,0.0012940242934749437,0.0013611670634193984,0.0014832448269547704,0.001275712628944638,0.0012969870838984289,9.247670688438305e-5
theta Maro,0.0067447964353293055,0.006976744186046512,0.00698895196240005,0.006995055850576818,0.007013367515107124,0.00698895196240005,0.006976176165850986,5.728083078695792e-5
theta FFS,0.006207654275773669,0.006781419764389917,0.006799731428920223,0.006824146981627297,0.006866874198864678,0.006799731428920223,0.006775830856281618,1.3702316886974938e-4
theta Kauai,0.007965574070683027,0.008008301287920407,0.008026612952450713,0.008044924616981019,0.008069340169688093,0.008026612952450713,0.00802398100634098,2.7252638769240538e-5
theta Oahu,0.007623756332783984,0.007654275773667827,0.007672587438198133,0.00768479521455167,0.007721418543612282,0.007666483550021364,0.007669641656795685,2.620600559737599e-5
theta Molokai,0.006781419764389917,0.0068363547579808346,0.006860770310687909,0.006885185863394983,0.007751937984496125,0.00685466642251114,0.006926101957563704,2.4372788891475716e-4
theta Maui,0.007709210767258745,0.007788561313556736,0.007825184642617349,0.007849600195324423,0.007886223524385035,0.007837392418970886,0.007814336307695445,4.821799657438254e-5
theta Big Is.,0.0063175242629555034,0.0063785631447231895,0.006402978697430264,0.006427394250137338,0.006488433131905024,0.006402978697430264,0.0063943543370080505,1.1036138601450271e-4
