parameter,2.5%,25%,50%,75%,97.5%,mode,mean,sd
D_Manawai to Kamokuokamohoali'i,9.34629352702414e-4,9.393597216711936e-4,9.437849055452132e-4,9.500411999877926e-4,9.67131565294351e-4,0.00093966490676595355,9.45570719528306e-4,9.906703084569375e-6
D_Kamokuokamohoali'i to Lalo,9.475997192297128e-4,9.529404583880123e-4,9.579760124515519e-4,9.649952696310312e-4,9.839167455061495e-4,9.533982360301523e-4,9.600496251319088e-4,9.662081348576055e-6
D_Lalo to Kaua'i,8.415478988006226e-4,8.725241859187597e-4,8.900723288674581e-4,9.083834345530564e-4,9.468367564928129e-4,8.879360332041383e-4,8.910936439039409e-4,2.6851214634334016e-5
D_Kaua'i to O'ahu,8.188116092410047e-4,8.48261970885342e-4,8.647419660023804e-4,8.819849238563189e-4,9.166234321115757e-4,8.632160405285806e-4,8.654966350424367e-4,2.500657368324112e-5
D_O'ahu to Moloka'i,7.452620014038514e-4,7.783745841853084e-4,7.968382824182867e-4,8.159123508407849e-4,8.546708578753014e-4,7.951597643971068e-4,7.976211855303637e-4,2.7904909874310355e-5
D_Moloka'i to Maui,7.49992370372631e-4,7.853938413647877e-4,8.050782799768059e-4,8.25525681325724e-4,8.656575212866604e-4,8.03857539597766e-4,8.058434379683522e-4,2.9570377409520258e-5
D_Maui to Hawai'i,8.201849421674245e-4,8.574175237281411e-4,8.781701101718192e-4,8.995330668050172e-4,9.419537949766533e-4,8.766441846980193e-4,8.788691178671991e-4,3.1120045753452744e-5
D_O'ahu to Holaniku,7.573168126468703e-4,0.00078966643269142735,8.078249458296457e-4,8.268990142521439e-4,8.659627063814203e-4,8.059938352610858e-4,8.088519071419642e-4,2.7745359101335e-5
