parameter,2.5%,25%,50%,75%,97.5%,mode,mean,sd
D_Oahu to Kure,7.548753318887906e-4,7.895138401440474e-4,8.090456862086856e-4,8.291879024628437e-4,8.6931974242378e-4,8.075197607348857e-4,8.097935081787878e-4,2.932422984334685e-5
D_P&H to Maro,7.260353404339732e-4,7.519760734885708e-4,7.673879207739494e-4,7.838679158909879e-4,8.180486465041047e-4,7.650990325632496e-4,7.685844643533882e-4,2.35518468878174e-5
D_Maro to FFS,0.0010040589617603076,0.0010083315530869472,0.001012451551866207,0.0010184026612140263,0.0010341196935941648,0.0010087893307290873,0.0010140955721684901,9.539233240108294e-6
D_FFS to Kauai,8.397167882320627e-4,8.720664082766198e-4,8.906826990569781e-4,9.102145451216163e-4,9.509567552720725e-4,8.882412182988983e-4,8.918381667638129e-4,2.8425443928558545e-5
D_Kauai to Oahu,8.48109378337962e-4,8.668782616657002e-4,8.80611590929899e-4,8.963286233100375e-4,9.305093539231544e-4,8.760338145084994e-4,8.828827331405628e-4,2.15062215851871e-5
D_Oahu to Molokai,7.457197790459914e-4,7.794427320169683e-4,7.986693929868465e-4,8.189642017883847e-4,8.619953001495407e-4,7.959227271340068e-4,7.999799476573295e-4,2.961177856407622e-5
D_Molokai to Maui,7.583849604785302e-4,7.93633838923307e-4,8.139286477248451e-4,8.351390118106632e-4,8.769493697927793e-4,8.119449446089053e-4,8.149467987246321e-4,3.0440914478438707e-5
D_Maui to Big Is.,8.064516129032258e-4,8.412427137058626e-4,8.607745597705008e-4,8.812219611194189e-4,9.231849116489151e-4,8.58790856654561e-4,8.618564968926665e-4,2.9799950492966486e-5
