parameter,2.5%,25%,50%,75%,97.5%,mode,mean,sd
D_Oahu to Kure,6.075199902337788e-4,6.518952572788866e-4,6.76310809985961e-4,7.015198681560153e-4,7.529146066044069e-4,6.744186046511628e-4,6.772941005802535e-4,3.705213291698627e-5
D_P&H to Maro,5.73277177562107e-4,6.137459561740828e-4,6.36086186901056e-4,6.592809619727767e-4,7.057315509979857e-4,6.34316059329793e-4,6.369835766673338e-4,3.380386674777267e-5
D_Maro to FFS,6.240004883110541e-4,6.644692669230299e-4,6.870536531770737e-4,7.108588170664713e-4,7.602392724165292e-4,6.843679423792955e-4,6.883684083772651e-4,3.4701043811468456e-5
D_FFS to Kauai,7.032289568455106e-4,7.457730574375877e-4,7.695171824452175e-4,7.944820850882011e-4,8.452053958371482e-4,7.668314716474394e-4,7.707788172614834e-4,3.6239317714792866e-5
D_Kauai to Oahu,6.535433070866141e-4,6.955990966245498e-4,7.190990661051089e-4,7.43758774339254e-4,7.943600073246658e-4,7.164133553073307e-4,7.203587778884797e-4,3.5926204244615274e-5
D_Oahu to Molokai,6.293108710248428e-4,6.721601660257583e-4,6.959653299151558e-4,7.20625038149301e-4,7.696392602087529e-4,6.941341634621254e-4,6.968910340820942e-4,3.587902868771487e-5
D_Molokai to Maui,6.233290606116095e-4,6.678264054202527e-4,6.919978026002563e-4,7.167185497161692e-4,7.662821217115301e-4,6.90899102728438e-4,6.9268981360194e-4,3.644304970076847e-5
D_Maui to Big Is.,6.868705365317706e-4,7.316730757492522e-4,7.559055118110235e-4,7.809314533357749e-4,8.312885307941158e-4,7.543185008850637e-4,7.567528315733633e-4,3.678633284815444e-5
