parameter,2.5%,25%,50%,75%,97.5%,mode,mean,sd
theta Holaniku,0.0020386986510407133,0.002118049197338705,0.0021607764145760854,0.002209607519990234,0.002301165842641763,0.0021546725263993168,0.002164360996144716,6.785708375561777e-5
theta Manawai,0.0013184398461820181,0.0013245437343587867,0.0013245437343587867,0.001336751510712324,0.0013489592870658612,0.0013245437343587867,0.001325310161126087,3.688539675845852e-5
theta Kamokuokamohoali'i,0.0012879204052981751,0.0013306476225355553,0.0013489592870658612,0.0013794787279497042,0.001428309833363853,0.0013489592870658612,0.001353706388511849,3.662563694227446e-5
theta Lalo,0.001953244216565953,0.0020081792101568703,0.0020386986510407133,0.002075321980101325,0.0021607764145760854,0.002026490874687176,0.0020435185666254903,5.3343447003877985e-5
theta Kaua'i,0.0027406457913691025,0.00279558078496002,0.002826100225843863,0.002856619666727706,0.002917658548495392,0.002826100225843863,0.0028263011545461036,4.700166026655129e-5
theta O'ahu,0.0023622047244094492,0.0023744125007629864,0.002380516388939755,0.0023927241652932922,0.002429347494353904,0.0023744125007629864,0.0023853550529396327,1.863953590153372e-5
theta Moloka'i,0.002057010315571019,0.0021119453091619366,0.0021424647500457796,0.0021729841909296226,0.002246230849050846,0.0021424647500457796,0.0021447097115873596,4.890113693122644e-5
theta Maui,0.002148568638222548,0.0021912958554599284,0.0022218152963437714,0.0022523347372276144,0.0023255813953488376,0.0022157114081670028,0.002224250639954826,4.7093803996153715e-5
theta Hawai'i,0.0029054507721418548,0.002990905206616615,0.0030336324238539954,0.0030763596410913756,0.0031740218519196732,0.003027528535677227,0.0030345227486555625,6.831600663024822e-5
