parameter,2.5%,25%,50%,75%,97.5%,mode,mean,sd
theta Kure,0.001825062564853812,0.0019044131111518039,0.001947140328389184,0.001995971433803333,0.002105841420985168,0.0019410364402124155,0.0019533440371751537,7.219213222015655e-5
theta P&H,9.216871146920589e-4,9.705182201062077e-4,9.949337728132823e-4,0.0010193493255203567,0.001074284319111274,9.888298846365137e-4,9.953051317561717e-4,3.95988807230158e-5
theta Maro,0.0010620765427577369,0.0011292193127021915,0.001165842641762803,0.0011963620826466461,0.0012635048525911007,0.0011597387535860345,0.0011631515167748368,5.176887597149663e-5
theta FFS,0.0017274003540255144,0.0018067509003235063,0.001855582005737655,0.0019044131111518039,0.001995971433803333,0.0018494781175608865,0.0018561294922465768,6.993474087828865e-5
theta Kauai,0.0024842824879448213,0.002581944698773119,0.0026368796923640363,0.002704022462308491,0.002826100225843863,0.002624671916010499,0.0026439177248596944,8.897572482004649e-5
theta Oahu,0.001825062564853812,0.0019105169993285725,0.001953244216565953,0.001995971433803333,0.002087529756454862,0.001947140328389184,0.0019543342624256375,6.789641696055623e-5
theta Molokai,0.0018433742293841179,0.0019227247756821097,0.0019715558810962587,0.002014283098333639,0.0020997375328083994,0.00196545199291949,0.0019696830054105052,6.699021961344612e-5
theta Maui,0.0018922053347982667,0.0019776597692730273,0.0020203869865104075,0.0020631142037477877,0.0021424647500457796,0.002026490874687176,0.0020212048459613084,6.36023960826281e-5
theta Big Is.,0.0027406457913691025,0.0028444118903741687,0.002899346883965086,0.0029542818775560036,0.003051944088384301,0.002899346883965086,0.0028966454925659674,8.122563792897726e-5
