parameter,2.5%,25%,50%,75%,97.5%,mode,mean,sd
theta Kure,0.005426356589147288,0.005585057681743271,0.0056766160043948,0.0057498626625160235,0.005957394860526156,0.005694927668925106,0.005670607578449152,0.00016094148417440261
theta P&H,0.001123115424525423,0.0012329854117072577,0.0012940242934749437,0.0013611670634193984,0.0014832448269547704,0.001275712628944638,0.0012969870838984287,9.24767068843831e-5
theta Maro,0.0067447964353293055,0.006976744186046512,0.00698895196240005,0.006995055850576818,0.007013367515107124,0.00698895196240005,0.006976176165467961,5.728083157113603e-5
theta FFS,0.006207654275773669,0.006781419764389917,0.006799731428920223,0.006824146981627297,0.006866874198864678,0.006799731428920223,0.0067758308562836595,1.370231688712853e-4
theta Kauai,0.007965574070683027,0.008008301287920407,0.008026612952450713,0.008044924616981019,0.008069340169688093,0.008026612952450713,0.008023981006340306,2.7252638769050792e-5
theta Oahu,0.007623756332783984,0.007654275773667827,0.007672587438198133,0.00768479521455167,0.007721418543612282,0.007666483550021364,0.0076696416559339856,2.6206005901089377e-5
theta Molokai,0.006781419764389917,0.0068363547579808346,0.006860770310687909,0.006885185863394983,0.007751937984496125,0.00685466642251114,0.006926101957558131,2.437278889045925e-4
theta Maui,0.007709210767258745,0.007788561313556736,0.007825184642617349,0.007849600195324423,0.007886223524385035,0.007837392418970886,0.007814336307695438,4.8217996574385e-5
theta Big Is.,0.0063175242629555034,0.0063785631447231895,0.006402978697430264,0.006427394250137338,0.006488433131905024,0.006402978697430264,0.006394354337008051,1.1036138601450305e-4
